{
  "cloudant_apikey": "RYAbcfKfUQVlRYHXao1KoKfCpJwmg3RTKv-W1ePWfcP_",
  "cloudant_host": "3ba80cff-5997-4a6f-83c2-d0453acd7c78-bluemix.cloudantnosqldb.appdomain.cloud",
  "cloudant_iam_apikey_description": "Auto-generated for key bf9f8219-a21e-4dbc-a38f-aaac19c8c3fb",
  "cloudant_iam_apikey_name": "6283a1e8-b1f0-4d85-bbae-52307b47f36d",
  "cloudant_iam_role_crn": "crn:v1:bluemix:public:iam::::serviceRole:Writer",
  "cloudant_iam_serviceid_crn": "crn:v1:bluemix:public:iam-identity::a/66df54fd300a4d82b74846830e0cbfd7::serviceid:ServiceId-dcee8b5d-18fd-4497-a269-7663ce072eaf",
  "cloudant_password": "79b8da775e35d82ddf16f972b6165b32",
  "cloudant_port": 443,
  "cloudant_url": "https://apikey-v2-17iozjubgobsrj3z9daact1zfsufo452qodt1vwfmsvu:79b8da775e35d82ddf16f972b6165b32@3ba80cff-5997-4a6f-83c2-d0453acd7c78-bluemix.cloudantnosqldb.appdomain.cloud",
  "cloudant_username": "apikey-v2-17iozjubgobsrj3z9daact1zfsufo452qodt1vwfmsvu"
}
